{
	"ReRoutes": [
		//User
		{
			"DownstreamPathTemplate": "/api/User/{catchAll}",
			"DownstreamScheme": "http",
			"DownstreamHostAndPorts": [
				{
					"Host": "localhost",
					"Port": 5001
				}
			],
			"UpstreamPathTemplate": "/User/{catchAll}"

		},
		// Admin
		{
			"DownstreamPathTemplate": "/api/Company/{catchAll}",
			"DownstreamScheme": "http",
			"DownstreamHostAndPorts": [
				{
					"Host": "localhost",
					"Port": 5002
				}
			],
			"UpstreamPathTemplate": "/Company/{catchAll}"

		},
		{
			"DownstreamPathTemplate": "/api/Ipo/{catchAll}",
			"DownstreamScheme": "http",
			"DownstreamHostAndPorts": [
				{
					"Host": "localhost",
					"Port": 5002
				}
			],
			"UpstreamPathTemplate": "/Ipo/{catchAll}"

		},
		{
			"DownstreamPathTemplate": "/api/StockExchange/{catchAll}",
			"DownstreamScheme": "http",
			"DownstreamHostAndPorts": [
				{
					"Host": "localhost",
					"Port": 5002
				}
			],
			"UpstreamPathTemplate": "/StockExchange/{catchAll}"

		},
		{
			"DownstreamPathTemplate": "/api/StockPrice/{catchAll}",
			"DownstreamScheme": "http",
			"DownstreamHostAndPorts": [
				{
					"Host": "localhost",
					"Port": 5002
				}
			],
			"UpstreamPathTemplate": "/StockPrice/{catchAll}"

		},
		//Excel
		{
			"DownstreamPathTemplate": "/api/Upload/{catchAll}",
			"DownstreamScheme": "http",
			"DownstreamHostAndPorts": [
				{
					"Host": "localhost",
					"Port": 5004
				}
			],
			"UpstreamPathTemplate": "/Upload/{catchAll}"

		},
		//User
		{
			"DownstreamPathTemplate": "/api/StockPrice/{catchAll}",
			"DownstreamScheme": "http",
			"DownstreamHostAndPorts": [
				{
					"Host": "localhost",
					"Port": 5005
				}
			],
			"UpstreamPathTemplate": "/UserStockPrice/{catchAll}"

		}
	],
	"GlobalConfiguration": {
		"BaseUrl": "http://localhost:5003"
	}
}